<?xml version="1.0" encoding="utf-8"?>

<scene version="0.6.0">
	
	<integrator type="path_layered">
		<integer name="maxDepth" value="100"/>
		<integer name="rrDepth" value="20"/>
	</integrator>

	<sensor type="perspective">
		<string name="fovAxis" value="smaller"/>
		<float name="fov" value="35"/>
		
		<transform name="toWorld">
			<lookAt origin="0 -250 0" target="0 0 0" up="0 0 1"/>
		</transform>	

		<sampler type="independent">
			<integer name="sampleCount" value="256"/>
		</sampler>	
 		
 		<film id="film" type="hdrfilm">
			<integer name="width" value="800"/>
			<integer name="height" value="1200"/>
			<string name="fileFormat" value="openexr"/>
			<boolean name="banner" value="false"/>
		</film>
	</sensor>

    <emitter type="envmap">
        <string name="filename" value="textures/envmap.exr"/>
        <!-- <string name="filename" value="textures/glacier.exr"/> -->
        <transform name="toWorld">
            <rotate x="1" angle="90"/>
            <rotate z="1" angle="0"/>
            <!-- <rotate z="1" angle="180"/> -->
        </transform>
        <float name="scale" value="0.5"/>
    </emitter>

	<shape type="rectangle">
		<transform name="toWorld">
			<scale x="200" y="200"/>
			<rotate x="1" angle="0"/>
			<translate x="0" y="0" z="-100"/>
		</transform>		
		<bsdf type="roughconductor">
			<string name="material" value="Al"/>
		</bsdf>
	</shape>

	<shape type="obj">
		<transform name="toWorld">
			<scale x="0.5" y="0.5" z="0.5"/>
			<rotate x="1" angle="0"/>
			<translate x="3" y="2" z="-95"/>
		</transform>
		<string name="filename" value="meshes/holder.obj"/>
		<bsdf type="roughplastic"/>
	</shape>

	<shape type="rectangle">
		<transform name="toWorld">
			<scale x="60" y="90"/>
			<rotate x="1" angle="-90"/>
			<translate x="0" y="0" z="0"/>
		</transform>
		<boolean name="flipNormals" value="true"/>

		<bsdf type="mask">
			<texture name="opacity" type="bitmap">
				<string name="filename" value="textures/zhaoyun_mask.exr"/>
			</texture>
			<bsdf type="multilayered">
				<boolean name="bidir" value="true"/>
				<string name="pdf" value="bidirStochTRT"/>
				<integer name="stochPdfDepth" value="2"/>
				<integer name="pdfRepetitive" value="3"/>
				<float name="diffusePdf" value="0.1"/>
				<float name="maxSurvivalProb" value="1"/>

				<integer name="nbLayers" value="2"/>

				<bsdf type="roughdielectric" name="surface_0">
					<float name="extIOR" value="1.0"/>
					<float name="intIOR" value="1.65"/>
					<float name="alpha" value="0.01"/>
				</bsdf>
				<texture name="normal_tex_0" type="bitmap">
					<string name="wrapMode" value="clamp"/>
					<string name="filename" value="textures/zhaoyun_normal.exr"/>
				</texture>
				
				<texture name="sigmaT_tex_0" type="bitmap">
					<string name="wrapMode" value="clamp"/>
					<string name="filename" value="textures/zhaoyun_sigmaT.exr"/>
				</texture>
				<spectrum name="sigmaT_0" value="1 5 10"/>
				<spectrum name="albedo_0" value="0.2 0.95 0.8"/>
				<phase type="mixturephase" name="phase_0">
                    <string name="weights" value="0.8,0.2"/>
                    <phase type="hg">
                        <float name="g" value="0.8"/>
                    </phase>
                    <phase type="hg">
                        <float name="g" value="-0.8"/>
                    </phase>
                </phase>

				<bsdf type="roughdielectric" name="surface_1">
					<float name="extIOR" value="1.65"/>
					<float name="intIOR" value="1.0"/>
					<float name="alpha" value="0.01"/>
				</bsdf>							
			</bsdf>
		</bsdf>
	</shape>

</scene>