<?xml version="1.0" encoding="utf-8"?>

<scene version="0.6.0">

	<integrator type="path_layered">
		<integer name="maxDepth" value="-1"/>
		<integer name="rrDepth" value="50"/>
	</integrator>

	<sensor type="perspective">
		<transform name="toWorld">
			<lookat target="0, 0, 0" origin="5, 3, 5" up="0, 1, 0"/>
		</transform>

		<float name="fov" value="16"/>
	
		<sampler type="independent">
			<integer name="sampleCount" value="512"/>
		</sampler>

 		<film id="film" type="hdrfilm">
			<integer name="width" value="512"/>
			<integer name="height" value="512"/>
			<string name="fileFormat" value="openexr"/>
			<boolean name="banner" value="false"/>
		</film>
	</sensor>

	<bsdf type="multilayered" id="material">
		<boolean name="bidir" value="true"/>
		<string name="pdf" value="bidirStochTRT"/>
		<integer name="stochPdfDepth" value="4"/>
		<integer name="pdfRepetitive" value="1"/>
		<float name="diffusePdf" value="0.1"/>
		<boolean name="bidirUseAnalog" value="true"/>
		<float name="maxSurvivalProb" value="1"/>
		
		<integer name="nbLayers" value="3"/>

		<bsdf type="roughdielectric" name="surface_0">
			<float name="extIOR" value="1.0"/>
			<float name="intIOR" value="1.5"/>
			<float name="alpha" value="0.05"/>
		</bsdf>
		
		<boolean name="aniso_0" value="true"/>
		<float name="density_0" value="0.5"/>
		<spectrum name="albedo_0" value="0.5 0.7 0.95"/>
		<vector name="orientation_0" x="0.5" y="0.5" z="0"/>
		<float name="stddev_0" value="0.05"/>

		<bsdf type="roughdielectric" name="surface_1">
			<float name="extIOR" value="1.5"/>
			<float name="intIOR" value="1.2"/>
			<float name="alpha" value="0.01"/>
		</bsdf>
		
		<boolean name="aniso_1" value="true"/>
		<float name="density_1" value="0.5"/>
		<spectrum name="albedo_1" value="0.5 0.95 0.5"/>
		<vector name="orientation_1" x="0.5" y="-0.5" z="0"/>
		<float name="stddev_1" value="0.05"/>			
	
		<bsdf type="roughconductor" name="surface_2">
			<float name="alpha" value="0.05"/>
		</bsdf>		
	</bsdf>

	<shape type="sphere">
		<ref id="material"/>
	</shape>

	<emitter type="envmap">
		<string name="filename" value="textures/envmap.exr"/>
		<float name="scale" value="2.0"/>

		<transform name="toWorld">
			<rotate y="1" angle="210"/>
			<scale x="1" y="1" z="1"/>
		</transform>
	</emitter>
</scene>
