<?xml version="1.0" encoding="utf-8"?>

<scene version="0.6.0">
	
	<integrator type="path_layered">
		<integer name="maxDepth" value="-1"/>
		<integer name="rrDepth" value="50"/>
	</integrator>

	<sensor type="thinlens">
		<float name="apertureRadius" value="0.02"/>
		<float name="focusDistance"  value="3"/>
		<float name="fov"             value="38"/>

		<transform name="toWorld">
			<lookat origin="0 3.2 0" target="0 0 0" up="0 0 1"/>
		</transform>

		<sampler type="independent">
			<integer name="sampleCount" value="512"/>
		</sampler>	

		<film type="hdrfilm">
			<boolean name="banner" value="false"/>
			<integer name="height" value="512"/>
			<integer name="width"  value="512"/>
			<string name="fileFormat" value="openexr"/>
		</film>
	</sensor>

	<emitter type="envmap">
		<string name="filename" value="textures/uffizi.exr"/>
		<transform name="toWorld">
			<lookat origin="1 0 0" target="0 0 0" up="0 0 1"/>
		</transform>
	</emitter>

	<shape type="sphere">
		<transform name="toWorld">
			<rotate z="1" angle="-90"/>
		</transform>
		<bsdf type="multilayered">
			<boolean name="bidir" value="true"/>
			<string name="pdf" value="bidirStochTRT"/>
			<integer name="stochPdfDepth" value="2"/>
			<integer name="pdfRepetitive" value="3"/>
			<float name="diffusePdf" value="0.1"/>
			<boolean name="bidirUseAnalog" value="true"/>
			<integer name="nbLayers" value="2"/>

			<bsdf type="roughdielectric" name="surface_0">
				<string name="distribution" value="ggx"/>
				<float name="extIOR" value="1.0"/>
				<float name="intIOR" value="1.5"/>
				<float name="alpha" value="0.05"/>
			</bsdf>
			
			<spectrum name="sigmaT_0" value="0"/>
			<spectrum name="albedo_0" value="0.5 0.7 0.95"/>
			<phase type="hg" name="phase_0">
				<float name="g" value="0"/>
			</phase>
		
			<bsdf type="roughconductor" name="surface_1">
				<string name="distribution" value="ggx"/>
				<float name="alpha" value="0.05"/>
				<spectrum name="eta" value="1.0"/>
				<spectrum name="k" value="1.0"/>
				<texture name="specularReflectance" type="bitmap">
					<string name="wrapMode" value="clamp"/>
					<string name="filename" value="textures/k.exr"/>
				</texture>
			</bsdf>		
		</bsdf>
		
	</shape>

</scene>