<?xml version="1.0" encoding="utf-8"?>

<scene version="0.6.0">

	<integrator type="path_layered"/>

	<sensor type="perspective">
		<transform name="toWorld">
			<lookat target="0, 0, 0" origin="5, 3, 5" up="0, 1, 0"/>
		</transform>

		<float name="fov" value="16"/>
	
		<sampler type="independent">
			<integer name="sampleCount" value="512"/>
		</sampler>

 		<film id="film" type="hdrfilm">
			<integer name="width" value="512"/>
			<integer name="height" value="512"/>
			<string name="fileFormat" value="openexr"/>
			<boolean name="banner" value="false"/>
		</film>
	</sensor>

	<bsdf type="multilayered" id="material">
		<boolean name="bidir" value="true"/>
		<string name="pdf" value="bidirStochTRT"/>
		<integer name="stochPdfDepth" value="2"/>
		<integer name="pdfRepetitive" value="1"/>
		<float name="diffusePdf" value="0.01"/>
		<boolean name="bidirUseAnalog" value="true"/>
		<integer name="nbLayers" value="2"/>

		<bsdf type="roughdielectric" name="surface_0">
			<float name="extIOR" value="1.0"/>
			<float name="intIOR" value="1.5"/>
			<float name="alphaU" value="0.3"/>
			<float name="alphaV" value="0.05"/>
		</bsdf>
		
		<spectrum name="sigmaT_0" value="0"/>
		<spectrum name="albedo_0" value="1.0"/>
		<phase name="phase_0" type="hg">
			<float name="g" value="0"/>
		</phase>	

		<bsdf type="roughconductor" name="surface_1">
			<float name="alphaU" value="0.3"/>
			<float name="alphaV" value="0.05"/>
			<string name="material" value="Au"/>
		</bsdf>		
	</bsdf>

	<shape type="sphere">
		<transform name="toWorld">
			<scale value="1"/>		
			<rotate x="1" angle="90"/>
		</transform>

		<ref id="material"/>
	</shape>

	<emitter type="envmap">
		<string name="filename" value="textures/envmap.exr"/>
		<float name="scale" value="1.0"/>

		<transform name="toWorld">
			<rotate y="1" angle="210"/>
			<scale x="1" y="1" z="1"/>
		</transform>
	</emitter>
</scene>
