<?xml version="1.0" encoding="utf-8"?>

<scene version="0.6.0">
	<integrator type="path_layered">
		<integer name="maxDepth" value="100"/>
		<integer name="rrDepth" value="20"/>
	</integrator>

	<sensor type="perspective">
		<float name="fov" value="15"/>
		<string name="fovAxis" value="x"/>
		<transform name="toWorld">
			<lookat target="0, 0, 7" origin="0, 60, 30" up="0, 0, 1"/>
            <rotate z="1.0" angle="0"/>
		</transform>

		<sampler type="independent">
			<integer name="sampleCount" value="256"/>
		</sampler>

		<film type="hdrfilm">
			<boolean name="banner" value="false"/>
			<integer name="height" value="1400"/>
			<integer name="width" value="1200"/>
			<string name="fileFormat" value="openexr"/>
		</film>
	</sensor>

    <shape type="sphere">
        <transform name="toWorld">
            <scale value="10"/>
            <translate x="-60" y="40" z="30"/>
        </transform>
        <emitter type="area">
            <spectrum name="radiance" value="15"/> 
        </emitter>
    </shape>

    <shape type="sphere">
        <transform name="toWorld">
            <scale value="10"/>
            <translate x="30" y="40" z="30"/>
        </transform>
        <emitter type="area">
            <spectrum name="radiance" value="15"/> 
        </emitter>
    </shape>   

    <emitter type="envmap">
        <string name="filename" value="textures/A.jpg"/>
        <transform name="toWorld">
            <matrix value="-0.224951 -0.000001 -0.974370 0.000000 -0.974370 0.000000 0.224951 0.000000 0.000000 1.000000 -0.000001 8.870000 0.000000 0.000000 0.000000 1.000000 "/>
            <rotate z="1" angle="220"/>
        </transform>
        <float name="scale" value="1.0"/>
    </emitter>

	<shape type="obj">
		<transform name="toWorld">
			<rotate z="1.0" angle="280"/>
			<scale x="1.02" y="1.02" z="1.02"/>
			<translate x="0.1" y="0" z="-0.15"/>
		</transform>
		
		<string name="filename" value="meshes/metal0_2.obj"/>
		<!-- <bsdf type="dielectric"/> -->

		<bsdf type="multilayered">
			<boolean name="bidir" value="true"/>
			<string name="pdf" value="bidirStochTRT"/>
			<integer name="stochPdfDepth" value="4"/>
			<integer name="pdfRepetitive" value="1"/>
			<float name="diffusePdf" value="0.1"/>
			<float name="maxSurvivalProb" value="1"/>

			<integer name="nbLayers" value="3"/>

			<bsdf type="roughdielectric" name="surface_0">
				<float name="extIOR" value="1.0"/>
				<float name="intIOR" value="1.33"/>
				<float name="alpha" value="0.001"/>
			</bsdf>
			<texture name="normal_tex_0" type="bitmap">
				<string name="wrapMode" value="clamp"/>
				<string name="filename" value="textures/drop_normal.exr"/>
			</texture>
	
			<spectrum name="sigmaT_0" value="0"/>
			<spectrum name="albedo_0" value="1"/>
			<phase type="hg" name="phase_0">
				<float name="g" value="0"/> 
			</phase>
			
			<bsdf type="roughdielectric" name="surface_1">
				<float name="extIOR" value="1.33"/>
				<float name="intIOR" value="1.5"/>
				<float name="alpha" value="0.01"/>
			</bsdf>
			<texture name="normal_tex_1" type="bitmap">
				<string name="wrapMode" value="clamp"/>
				<string name="filename" value="textures/logo_normal.exr"/>
			</texture>
		
			<texture name="sigmaT_tex_1" type="bitmap">
				<string name="wrapMode" value="clamp"/>
				<string name="filename" value="textures/logo_sigmaT.exr"/>
			</texture>
			<spectrum name="sigmaT_1" value="2 5 8"/>		
			<texture name="albedo_tex_1" type="bitmap">
				<string name="wrapMode" value="clamp"/>
				<string name="filename" value="textures/logo_albedo.exr"/>
			</texture>
			<spectrum name="albedo_1" value="0.5"/>
			<phase type="hg" name="phase_1">
				<float name="g" value="0.8"/> 
			</phase>
			
			<bsdf type="roughconductor" name="surface_2">				
				<float name="alpha" value="0.05"/>
				<string name="material" value="Al"/>
			</bsdf>
			<texture name="normal_tex_2" type="bitmap">
				<string name="wrapMode" value="clamp"/>
				<string name="filename" value="textures/scratch2_normal_2.exr"/>
			</texture>
		</bsdf>
	</shape>

	<shape type="obj">
		<transform name="toWorld">
			<rotate z="1.0" angle="150"/>
			<translate x="0" y="0" z="0"/>
		</transform>
		
		<string name="filename" value="meshes/plastic.obj"/>

		<bsdf type="roughplastic">
			<string name="distribution" value="beckmann"/>
			<float name="alpha" value="0.1"/>
			<spectrum name="diffuseReflectance" value="0.0, 0.0, 0.0"/>
		</bsdf>
	</shape>

	<shape type="obj">
		<transform name="toWorld">
			<rotate z="1.0" angle="150"/>
			<translate x="0" y="0" z="0"/>
		</transform>
		
		<string name="filename" value="meshes/red.obj"/>

		<bsdf type="roughplastic">
			<string name="distribution" value="beckmann"/>
			<float name="alpha" value="0.1"/>
			<spectrum name="diffuseReflectance" value="0.9, 0.0, 0.0"/>
		</bsdf>
	</shape>

	<shape type="rectangle">
		<transform name="toWorld">
			<scale x="2000.0" y="2000.0"/>
			<translate x="0" y="0" z="-0.1"/>
		</transform>

		<!-- <bsdf type="diffuse"/> -->
		<bsdf type="roughconductor">
			<float name="alpha" value="0.1"/>
			<string name="material" value="Al"/>
			<spectrum name="specularReflectance" value="0.5"/>
		</bsdf>

	</shape>


</scene>
